No,Product Type,Primary,On Primary,Secondary,On Secondary,Accent,On Accent,Background,Foreground,Card,Card Foreground,Muted,Muted Foreground,Border,Destructive,On Destructive,Ring,Notes
1,SaaS (General),#2563EB,#FFFFFF,#3B82F6,#FFFFFF,#EA580C,#FFFFFF,#F8FAFC,#1E293B,#FFFFFF,#1E293B,#E9EFF8,#64748B,#E2E8F0,#DC2626,#FFFFFF,#2563EB,信任蓝色 + 橙色 CTA 对比 [口音从 #F97316 调整为 WCAG 3:1]
2,Micro SaaS,#6366F1,#FFFFFF,#818CF8,#0F172A,#059669,#FFFFFF,#F5F3FF,#1E1B4B,#FFFFFF,#1E1B4B,#EBEFF9,#64748B,#E0E7FF,#DC2626,#FFFFFF,#6366F1,靛蓝原色 + 祖母绿 CTA [WCAG 3:1 的重音从 #10B981 调整]
3,E-commerce,#059669,#FFFFFF,#10B981,#0F172A,#EA580C,#FFFFFF,#ECFDF5,#064E3B,#FFFFFF,#064E3B,#E8F1F3,#64748B,#A7F3D0,#DC2626,#FFFFFF,#059669,成功绿色 + 紧急橙色 [WCAG 3:1 的重音从 #F97316 调整]
4,E-commerce Luxury,#1C1917,#FFFFFF,#44403C,#FFFFFF,#A16207,#FFFFFF,#FAFAF9,#0C0A09,#FFFFFF,#0C0A09,#E8ECF0,#64748B,#D6D3D1,#DC2626,#FFFFFF,#1C1917,高级深色 + 金色口音 [口音从 #CA8A04 调整为 WCAG 3:1]
5,B2B Service,#0F172A,#FFFFFF,#334155,#FFFFFF,#0369A1,#FFFFFF,#F8FAFC,#020617,#FFFFFF,#020617,#E8ECF1,#64748B,#E2E8F0,#DC2626,#FFFFFF,#0F172A,专业海军蓝+CTA 蓝
6,Financial Dashboard,#0F172A,#FFFFFF,#1E293B,#FFFFFF,#22C55E,#0F172A,#020617,#F8FAFC,#0E1223,#F8FAFC,#1A1E2F,#94A3B8,#334155,#EF4444,#FFFFFF,#0F172A,深色背景+绿色正向指标
7,Analytics Dashboard,#1E40AF,#FFFFFF,#3B82F6,#FFFFFF,#D97706,#FFFFFF,#F8FAFC,#1E3A8A,#FFFFFF,#1E3A8A,#E9EEF6,#64748B,#DBEAFE,#DC2626,#FFFFFF,#1E40AF,蓝色数据 + 琥珀色高亮显示 [重音从 WCAG 3:1 的#F59E0B 调整而来]
8,Healthcare App,#0891B2,#FFFFFF,#22D3EE,#0F172A,#059669,#FFFFFF,#ECFEFF,#164E63,#FFFFFF,#164E63,#E8F1F6,#64748B,#A5F3FC,#DC2626,#FFFFFF,#0891B2,冷静青+健康绿
9,Educational App,#4F46E5,#FFFFFF,#818CF8,#0F172A,#EA580C,#FFFFFF,#EEF2FF,#1E1B4B,#FFFFFF,#1E1B4B,#EBEEF8,#64748B,#C7D2FE,#DC2626,#FFFFFF,#4F46E5,俏皮的靛蓝 + 充满活力的橙色 [口音从 #F97316 调整为 WCAG 3:1]
10,Creative Agency,#EC4899,#FFFFFF,#F472B6,#0F172A,#0891B2,#FFFFFF,#FDF2F8,#831843,#FFFFFF,#831843,#F1EEF5,#64748B,#FBCFE8,#DC2626,#FFFFFF,#EC4899,粗粉色 + 青色口音 [口音从 #06B6D4 调整为 WCAG 3:1]
11,Portfolio/Personal,#18181B,#FFFFFF,#3F3F46,#FFFFFF,#2563EB,#FFFFFF,#FAFAFA,#09090B,#FFFFFF,#09090B,#E8ECF0,#64748B,#E4E4E7,#DC2626,#FFFFFF,#18181B,单色+蓝色调
12,Gaming,#7C3AED,#FFFFFF,#A78BFA,#0F172A,#F43F5E,#FFFFFF,#0F0F23,#E2E8F0,#1E1C35,#E2E8F0,#27273B,#94A3B8,#4C1D95,#EF4444,#FFFFFF,#7C3AED,霓虹紫+玫瑰行动
13,Government/Public Service,#0F172A,#FFFFFF,#334155,#FFFFFF,#0369A1,#FFFFFF,#F8FAFC,#020617,#FFFFFF,#020617,#E8ECF1,#64748B,#E2E8F0,#DC2626,#FFFFFF,#0F172A,高对比度海军蓝+蓝色
14,Fintech/Crypto,#F59E0B,#0F172A,#FBBF24,#0F172A,#8B5CF6,#FFFFFF,#0F172A,#F8FAFC,#222735,#F8FAFC,#272F42,#94A3B8,#334155,#EF4444,#FFFFFF,#F59E0B,黄金信托+紫色科技
15,Social Media App,#E11D48,#FFFFFF,#FB7185,#0F172A,#2563EB,#FFFFFF,#FFF1F2,#881337,#FFFFFF,#881337,#F0ECF2,#64748B,#FECDD3,#DC2626,#FFFFFF,#E11D48,活力玫瑰+订婚蓝
16,Productivity Tool,#0D9488,#FFFFFF,#14B8A6,#0F172A,#EA580C,#FFFFFF,#F0FDFA,#134E4A,#FFFFFF,#134E4A,#E8F1F4,#64748B,#99F6E4,#DC2626,#FFFFFF,#0D9488,青色焦点 + 行动橙色 [重音从 #F97316 调整为 WCAG 3:1]
17,Design System/Component Library,#4F46E5,#FFFFFF,#6366F1,#FFFFFF,#EA580C,#FFFFFF,#EEF2FF,#312E81,#FFFFFF,#312E81,#EBEEF8,#64748B,#C7D2FE,#DC2626,#FFFFFF,#4F46E5,Indigo 品牌 + 文档层次结构 [重音从 #F97316 调整为 WCAG 3:1]
18,AI/Chatbot Platform,#7C3AED,#FFFFFF,#A78BFA,#0F172A,#0891B2,#FFFFFF,#FAF5FF,#1E1B4B,#FFFFFF,#1E1B4B,#ECEEF9,#64748B,#DDD6FE,#DC2626,#FFFFFF,#7C3AED,AI 紫色 + 青色交互 [WCAG 3:1 的重音从 #06B6D4 调整]
19,NFT/Web3 Platform,#8B5CF6,#FFFFFF,#A78BFA,#0F172A,#FBBF24,#0F172A,#0F0F23,#F8FAFC,#1E1D35,#F8FAFC,#27273B,#94A3B8,#4C1D95,#EF4444,#FFFFFF,#8B5CF6,紫色科技+金色价值
20,Creator Economy Platform,#EC4899,#FFFFFF,#F472B6,#0F172A,#EA580C,#FFFFFF,#FDF2F8,#831843,#FFFFFF,#831843,#F1EEF5,#64748B,#FBCFE8,#DC2626,#FFFFFF,#EC4899,创作者粉色 + 订婚橙色 [口音从 #F97316 调整为 WCAG 3:1]
21,Remote Work/Collaboration Tool,#6366F1,#FFFFFF,#818CF8,#0F172A,#059669,#FFFFFF,#F5F3FF,#312E81,#FFFFFF,#312E81,#EBEFF9,#64748B,#E0E7FF,#DC2626,#FFFFFF,#6366F1,平静的靛蓝 + 成功的绿色 [口音从 #10B981 调整为 WCAG 3:1]
22,Mental Health App,#8B5CF6,#FFFFFF,#C4B5FD,#0F172A,#059669,#FFFFFF,#FAF5FF,#4C1D95,#FFFFFF,#4C1D95,#EDEFF9,#64748B,#EDE9FE,#DC2626,#FFFFFF,#8B5CF6,平静的薰衣草色 + 健康绿 [WCAG 3:1 的口音从 #10B981 调整]
23,Pet Tech App,#F97316,#0F172A,#FB923C,#0F172A,#2563EB,#FFFFFF,#FFF7ED,#9A3412,#FFFFFF,#9A3412,#F1F0F0,#64748B,#FED7AA,#DC2626,#FFFFFF,#F97316,俏皮橙+信任蓝
24,Smart Home/IoT Dashboard,#1E293B,#FFFFFF,#334155,#FFFFFF,#22C55E,#0F172A,#0F172A,#F8FAFC,#1B2336,#F8FAFC,#272F42,#94A3B8,#475569,#EF4444,#FFFFFF,#1E293B,黑科技+绿色状态
25,EV/Charging Ecosystem,#0891B2,#FFFFFF,#22D3EE,#0F172A,#16A34A,#FFFFFF,#ECFEFF,#164E63,#FFFFFF,#164E63,#E8F1F6,#64748B,#A5F3FC,#DC2626,#FFFFFF,#0891B2,电青色 + 生态绿色 [WCAG 3:1 的重音从 #22C55E 调整]
26,Subscription Box Service,#D946EF,#FFFFFF,#E879F9,#0F172A,#EA580C,#FFFFFF,#FDF4FF,#86198F,#FFFFFF,#86198F,#F0EEF9,#64748B,#F5D0FE,#DC2626,#FFFFFF,#D946EF,兴奋紫色 + 紧迫橙色 [WCAG 3:1 的重音从 #F97316 调整]
27,Podcast Platform,#1E1B4B,#FFFFFF,#312E81,#FFFFFF,#F97316,#0F172A,#0F0F23,#F8FAFC,#1B1B30,#F8FAFC,#27273B,#94A3B8,#4338CA,#EF4444,#FFFFFF,#1E1B4B,黑暗的音频+温暖的口音
28,Dating App,#E11D48,#FFFFFF,#FB7185,#0F172A,#EA580C,#FFFFFF,#FFF1F2,#881337,#FFFFFF,#881337,#F0ECF2,#64748B,#FECDD3,#DC2626,#FFFFFF,#E11D48,浪漫玫瑰色+暖橙色[口音从 #F97316 调整为 WCAG 3:1]
29,Micro-Credentials/Badges Platform,#0369A1,#FFFFFF,#0EA5E9,#0F172A,#A16207,#FFFFFF,#F0F9FF,#0C4A6E,#FFFFFF,#0C4A6E,#E7EFF5,#64748B,#BAE6FD,#DC2626,#FFFFFF,#0369A1,信任蓝 + 成就金 [WCAG 3:1 的口音从 #CA8A04 调整]
30,Knowledge Base/Documentation,#475569,#FFFFFF,#64748B,#FFFFFF,#2563EB,#FFFFFF,#F8FAFC,#1E293B,#FFFFFF,#1E293B,#EAEFF3,#64748B,#E2E8F0,#DC2626,#FFFFFF,#475569,中性灰+链接蓝
31,Hyperlocal Services,#059669,#FFFFFF,#10B981,#0F172A,#EA580C,#FFFFFF,#ECFDF5,#064E3B,#FFFFFF,#064E3B,#E8F1F3,#64748B,#A7F3D0,#DC2626,#FFFFFF,#059669,位置绿色 + 行动橙色 [WCAG 3:1 的重音从 #F97316 调整]
32,Beauty/Spa/Wellness Service,#EC4899,#FFFFFF,#F9A8D4,#0F172A,#8B5CF6,#FFFFFF,#FDF2F8,#831843,#FFFFFF,#831843,#F1EEF5,#64748B,#FBCFE8,#DC2626,#FFFFFF,#EC4899,柔和的粉色+淡紫色的奢华
33,Luxury/Premium Brand,#1C1917,#FFFFFF,#44403C,#FFFFFF,#A16207,#FFFFFF,#FAFAF9,#0C0A09,#FFFFFF,#0C0A09,#E8ECF0,#64748B,#D6D3D1,#DC2626,#FFFFFF,#1C1917,高级黑色 + 金色口音 [口音从 #CA8A04 调整为 WCAG 3:1]
34,Restaurant/Food Service,#DC2626,#FFFFFF,#F87171,#0F172A,#A16207,#FFFFFF,#FEF2F2,#450A0A,#FFFFFF,#450A0A,#F0EDF1,#64748B,#FECACA,#DC2626,#FFFFFF,#DC2626,诱人的红色+温暖的金色[口音从 #CA8A04 调整为 WCAG 3:1]
35,Fitness/Gym App,#F97316,#0F172A,#FB923C,#0F172A,#22C55E,#0F172A,#1F2937,#F8FAFC,#313742,#F8FAFC,#37414F,#94A3B8,#374151,#EF4444,#FFFFFF,#F97316,能量橙+成功绿
36,Real Estate/Property,#0F766E,#FFFFFF,#14B8A6,#0F172A,#0369A1,#FFFFFF,#F0FDFA,#134E4A,#FFFFFF,#134E4A,#E8F0F3,#64748B,#99F6E4,#DC2626,#FFFFFF,#0F766E,信赖青色+专业蓝色
37,Travel/Tourism Agency,#0EA5E9,#0F172A,#38BDF8,#0F172A,#EA580C,#FFFFFF,#F0F9FF,#0C4A6E,#FFFFFF,#0C4A6E,#E8F2F8,#64748B,#BAE6FD,#DC2626,#FFFFFF,#0EA5E9,天蓝色 + 冒险橙色 [口音从 #F97316 调整为 WCAG 3:1]
38,Hotel/Hospitality,#1E3A8A,#FFFFFF,#3B82F6,#FFFFFF,#A16207,#FFFFFF,#F8FAFC,#1E40AF,#FFFFFF,#1E40AF,#E9EEF5,#64748B,#BFDBFE,#DC2626,#FFFFFF,#1E3A8A,豪华海军蓝+金服【口音从 #CA8A04 调整为 WCAG 3:1】
39,Wedding/Event Planning,#DB2777,#FFFFFF,#F472B6,#0F172A,#A16207,#FFFFFF,#FDF2F8,#831843,#FFFFFF,#831843,#F0EDF4,#64748B,#FBCFE8,#DC2626,#FFFFFF,#DB2777,浪漫粉色+优雅金色【口音由#CA8A04 调整为 WCAG 3:1】
40,Legal Services,#1E3A8A,#FFFFFF,#1E40AF,#FFFFFF,#B45309,#FFFFFF,#F8FAFC,#0F172A,#FFFFFF,#0F172A,#E9EEF5,#64748B,#CBD5E1,#DC2626,#FFFFFF,#1E3A8A,权威海军+信任金
41,Insurance Platform,#0369A1,#FFFFFF,#0EA5E9,#0F172A,#16A34A,#FFFFFF,#F0F9FF,#0C4A6E,#FFFFFF,#0C4A6E,#E7EFF5,#64748B,#BAE6FD,#DC2626,#FFFFFF,#0369A1,安全蓝 + 受保护的绿 [WCAG 3:1 的重音从 #22C55E 调整]
42,Banking/Traditional Finance,#0F172A,#FFFFFF,#1E3A8A,#FFFFFF,#A16207,#FFFFFF,#F8FAFC,#020617,#FFFFFF,#020617,#E8ECF1,#64748B,#E2E8F0,#DC2626,#FFFFFF,#0F172A,信赖海军蓝 + 优质金色 [口音从 #CA8A04 调整为 WCAG 3:1]
43,Online Course/E-learning,#0D9488,#FFFFFF,#2DD4BF,#0F172A,#EA580C,#FFFFFF,#F0FDFA,#134E4A,#FFFFFF,#134E4A,#E8F1F4,#64748B,#5EEAD4,#DC2626,#FFFFFF,#0D9488,进度青色 + 成就橙色 [重音从 #F97316 调整为 WCAG 3:1]
44,Non-profit/Charity,#0891B2,#FFFFFF,#22D3EE,#0F172A,#EA580C,#FFFFFF,#ECFEFF,#164E63,#FFFFFF,#164E63,#E8F1F6,#64748B,#A5F3FC,#DC2626,#FFFFFF,#0891B2,同情蓝 + 行动橙 [WCAG 3:1 的口音从 #F97316 调整]
45,Music Streaming,#1E1B4B,#FFFFFF,#4338CA,#FFFFFF,#22C55E,#0F172A,#0F0F23,#F8FAFC,#1B1B30,#F8FAFC,#27273B,#94A3B8,#312E81,#EF4444,#FFFFFF,#1E1B4B,深色音频+播放绿色
46,Video Streaming/OTT,#0F0F23,#FFFFFF,#1E1B4B,#FFFFFF,#E11D48,#FFFFFF,#000000,#F8FAFC,#0C0C0D,#F8FAFC,#181818,#94A3B8,#312E81,#EF4444,#FFFFFF,#0F0F23,电影院黑暗 + 播放红色
47,Job Board/Recruitment,#0369A1,#FFFFFF,#0EA5E9,#0F172A,#16A34A,#FFFFFF,#F0F9FF,#0C4A6E,#FFFFFF,#0C4A6E,#E7EFF5,#64748B,#BAE6FD,#DC2626,#FFFFFF,#0369A1,专业蓝+成功绿【强调色从#22C55E 调整为 WCAG 3:1】
48,Marketplace (P2P),#7C3AED,#FFFFFF,#A78BFA,#0F172A,#16A34A,#FFFFFF,#FAF5FF,#4C1D95,#FFFFFF,#4C1D95,#ECEEF9,#64748B,#DDD6FE,#DC2626,#FFFFFF,#7C3AED,信任紫色 + 交易绿色 [重音从 WCAG 3:1 的 #22C55E 调整]
49,Logistics/Delivery,#2563EB,#FFFFFF,#3B82F6,#FFFFFF,#EA580C,#FFFFFF,#EFF6FF,#1E40AF,#FFFFFF,#1E40AF,#E9EFF8,#64748B,#BFDBFE,#DC2626,#FFFFFF,#2563EB,跟踪蓝色 + 交付橙色 [WCAG 3:1 的重音从 #F97316 调整]
50,Agriculture/Farm Tech,#15803D,#FFFFFF,#22C55E,#0F172A,#A16207,#FFFFFF,#F0FDF4,#14532D,#FFFFFF,#14532D,#E8F0F1,#64748B,#BBF7D0,#DC2626,#FFFFFF,#15803D,大地绿 + 丰收金 [WCAG 3:1 的口音由 #CA8A04 调整]
51,Construction/Architecture,#64748B,#FFFFFF,#94A3B8,#0F172A,#EA580C,#FFFFFF,#F8FAFC,#334155,#FFFFFF,#334155,#EBF0F5,#64748B,#E2E8F0,#DC2626,#FFFFFF,#64748B,工业灰+安全橙[口音从 #F97316 调整为 WCAG 3:1]
52,Automotive/Car Dealership,#1E293B,#FFFFFF,#334155,#FFFFFF,#DC2626,#FFFFFF,#F8FAFC,#0F172A,#FFFFFF,#0F172A,#E9EDF1,#64748B,#E2E8F0,#DC2626,#FFFFFF,#1E293B,高级深色+行动红
53,Photography Studio,#18181B,#FFFFFF,#27272A,#FFFFFF,#F8FAFC,#0F172A,#000000,#FAFAFA,#0C0C0C,#FAFAFA,#181818,#94A3B8,#3F3F46,#EF4444,#FFFFFF,#18181B,纯黑+白色对比
54,Coworking Space,#F59E0B,#0F172A,#FBBF24,#0F172A,#2563EB,#FFFFFF,#FFFBEB,#78350F,#FFFFFF,#78350F,#F1F2EF,#64748B,#FDE68A,#DC2626,#FFFFFF,#F59E0B,活力琥珀+预订蓝
55,Home Services (Plumber/Electrician),#1E40AF,#FFFFFF,#3B82F6,#FFFFFF,#EA580C,#FFFFFF,#EFF6FF,#1E3A8A,#FFFFFF,#1E3A8A,#E9EEF6,#64748B,#BFDBFE,#DC2626,#FFFFFF,#1E40AF,专业蓝 + 紧急橙 [WCAG 3:1 的口音从 #F97316 调整]
56,Childcare/Daycare,#F472B6,#0F172A,#FBCFE8,#0F172A,#16A34A,#FFFFFF,#FDF2F8,#9D174D,#FFFFFF,#9D174D,#F1F0F6,#64748B,#FCE7F3,#DC2626,#FFFFFF,#F472B6,柔和的粉色 + 安全的绿色 [强调色从 #22C55E 调整为 WCAG 3:1]
57,Senior Care/Elderly,#0369A1,#FFFFFF,#38BDF8,#0F172A,#16A34A,#FFFFFF,#F0F9FF,#0C4A6E,#FFFFFF,#0C4A6E,#E7EFF5,#64748B,#E0F2FE,#DC2626,#FFFFFF,#0369A1,平静的蓝色+令人放心的绿色[强调从 #22C55E 调整为 WCAG 3:1]
58,Medical Clinic,#0891B2,#FFFFFF,#22D3EE,#0F172A,#16A34A,#FFFFFF,#F0FDFA,#134E4A,#FFFFFF,#134E4A,#E8F1F6,#64748B,#CCFBF1,#DC2626,#FFFFFF,#0891B2,医用青色 + 健康绿色 [WCAG 3:1 的重音从 #22C55E 调整]
59,Pharmacy/Drug Store,#15803D,#FFFFFF,#22C55E,#0F172A,#0369A1,#FFFFFF,#F0FDF4,#14532D,#FFFFFF,#14532D,#E8F0F1,#64748B,#BBF7D0,#DC2626,#FFFFFF,#15803D,药房绿+信赖蓝
60,Dental Practice,#0EA5E9,#0F172A,#38BDF8,#0F172A,#0EA5E9,#0F172A,#F0F9FF,#0C4A6E,#FFFFFF,#0C4A6E,#E8F2F8,#64748B,#BAE6FD,#DC2626,#FFFFFF,#0EA5E9,清新蓝+微笑黄【口音从 #FBBF24 调整为 WCAG 3:1】
61,Veterinary Clinic,#0D9488,#FFFFFF,#14B8A6,#0F172A,#EA580C,#FFFFFF,#F0FDFA,#134E4A,#FFFFFF,#134E4A,#E8F1F4,#64748B,#99F6E4,#DC2626,#FFFFFF,#0D9488,关怀青色 + 暖橙色 [口音从 #F97316 调整为 WCAG 3:1]
62,Florist/Plant Shop,#15803D,#FFFFFF,#22C55E,#0F172A,#EC4899,#FFFFFF,#F0FDF4,#14532D,#FFFFFF,#14532D,#E8F0F1,#64748B,#BBF7D0,#DC2626,#FFFFFF,#15803D,自然绿+花粉红
63,Bakery/Cafe,#92400E,#FFFFFF,#B45309,#FFFFFF,#92400E,#FFFFFF,#FEF3C7,#78350F,#FFFFFF,#78350F,#EDEEF0,#64748B,#FDE68A,#DC2626,#FFFFFF,#92400E,暖棕色 + 乳白色 [口音从 #F8FAFC 调整为 WCAG 3:1]
64,Brewery/Winery,#7C2D12,#FFFFFF,#B91C1C,#FFFFFF,#A16207,#FFFFFF,#FEF2F2,#450A0A,#FFFFFF,#450A0A,#ECEDF0,#64748B,#FECACA,#DC2626,#FFFFFF,#7C2D12,深酒红色 + 工艺金 [口音从 #CA8A04 调整为 WCAG 3:1]
65,Airline,#1E3A8A,#FFFFFF,#3B82F6,#FFFFFF,#EA580C,#FFFFFF,#EFF6FF,#1E40AF,#FFFFFF,#1E40AF,#E9EEF5,#64748B,#BFDBFE,#DC2626,#FFFFFF,#1E3A8A,天蓝色 + 预订橙色 [口音从 #F97316 调整为 WCAG 3:1]
66,News/Media Platform,#DC2626,#FFFFFF,#EF4444,#FFFFFF,#1E40AF,#FFFFFF,#FEF2F2,#450A0A,#FFFFFF,#450A0A,#F0EDF1,#64748B,#FECACA,#DC2626,#FFFFFF,#DC2626,破红+链接蓝
67,Magazine/Blog,#18181B,#FFFFFF,#3F3F46,#FFFFFF,#EC4899,#FFFFFF,#FAFAFA,#09090B,#FFFFFF,#09090B,#E8ECF0,#64748B,#E4E4E7,#DC2626,#FFFFFF,#18181B,编辑黑色+强调粉色
68,Freelancer Platform,#6366F1,#FFFFFF,#818CF8,#0F172A,#16A34A,#FFFFFF,#EEF2FF,#312E81,#FFFFFF,#312E81,#EBEFF9,#64748B,#C7D2FE,#DC2626,#FFFFFF,#6366F1,创意靛蓝 + 雇佣绿 [WCAG 3:1 的重音从 #22C55E 调整]
69,Marketing Agency,#EC4899,#FFFFFF,#F472B6,#0F172A,#0891B2,#FFFFFF,#FDF2F8,#831843,#FFFFFF,#831843,#F1EEF5,#64748B,#FBCFE8,#DC2626,#FFFFFF,#EC4899,大胆的粉色 + 创意青色 [重音从 #06B6D4 调整为 WCAG 3:1]
70,Event Management,#7C3AED,#FFFFFF,#A78BFA,#0F172A,#EA580C,#FFFFFF,#FAF5FF,#4C1D95,#FFFFFF,#4C1D95,#ECEEF9,#64748B,#DDD6FE,#DC2626,#FFFFFF,#7C3AED,兴奋紫色 + 行动橙色 [WCAG 3:1 的口音从 #F97316 调整]
71,Membership/Community,#7C3AED,#FFFFFF,#A78BFA,#0F172A,#16A34A,#FFFFFF,#FAF5FF,#4C1D95,#FFFFFF,#4C1D95,#ECEEF9,#64748B,#DDD6FE,#DC2626,#FFFFFF,#7C3AED,社区紫色 + 加入绿色 [重音从 WCAG 3:1 的#22C55E 调整]
72,Newsletter Platform,#0369A1,#FFFFFF,#0EA5E9,#0F172A,#EA580C,#FFFFFF,#F0F9FF,#0C4A6E,#FFFFFF,#0C4A6E,#E7EFF5,#64748B,#BAE6FD,#DC2626,#FFFFFF,#0369A1,信任蓝色 + 订阅橙色 [口音从 #F97316 调整为 WCAG 3:1]
73,Digital Products/Downloads,#6366F1,#FFFFFF,#818CF8,#0F172A,#16A34A,#FFFFFF,#EEF2FF,#312E81,#FFFFFF,#312E81,#EBEFF9,#64748B,#C7D2FE,#DC2626,#FFFFFF,#6366F1,数字靛蓝 + 购买绿色 [重音从 #22C55E 调整为 WCAG 3:1]
74,Church/Religious Organization,#7C3AED,#FFFFFF,#A78BFA,#0F172A,#A16207,#FFFFFF,#FAF5FF,#4C1D95,#FFFFFF,#4C1D95,#ECEEF9,#64748B,#DDD6FE,#DC2626,#FFFFFF,#7C3AED,灵性紫+暖金色【口音由#CA8A04 调整为 WCAG 3:1】
75,Sports Team/Club,#DC2626,#FFFFFF,#EF4444,#FFFFFF,#DC2626,#FFFFFF,#FEF2F2,#7F1D1D,#FFFFFF,#7F1D1D,#F0EDF1,#64748B,#FECACA,#DC2626,#FFFFFF,#DC2626,团队红 + 冠军金 [口音从 #FBBF24 调整为 WCAG 3:1]
76,Museum/Gallery,#18181B,#FFFFFF,#27272A,#FFFFFF,#18181B,#FFFFFF,#FAFAFA,#09090B,#FFFFFF,#09090B,#E8ECF0,#64748B,#E4E4E7,#DC2626,#FFFFFF,#18181B,图库黑色 + 白色空间 [重音从 #F8FAFC 调整为 WCAG 3:1]
77,Theater/Cinema,#1E1B4B,#FFFFFF,#312E81,#FFFFFF,#CA8A04,#0F172A,#0F0F23,#F8FAFC,#1B1B30,#F8FAFC,#27273B,#94A3B8,#4338CA,#EF4444,#FFFFFF,#1E1B4B,戏剧暗+聚光金
78,Language Learning App,#4F46E5,#FFFFFF,#818CF8,#0F172A,#16A34A,#FFFFFF,#EEF2FF,#312E81,#FFFFFF,#312E81,#EBEEF8,#64748B,#C7D2FE,#DC2626,#FFFFFF,#4F46E5,学习靛蓝 + 进步绿色 [重音从 #22C55E 调整为 WCAG 3:1]
79,Coding Bootcamp,#0F172A,#FFFFFF,#1E293B,#FFFFFF,#22C55E,#0F172A,#020617,#F8FAFC,#0E1223,#F8FAFC,#1A1E2F,#94A3B8,#334155,#EF4444,#FFFFFF,#0F172A,终端深色+成功绿色
80,Cybersecurity Platform,#00FF41,#0F172A,#0D0D0D,#FFFFFF,#FF3333,#FFFFFF,#000000,#E0E0E0,#0C130E,#E0E0E0,#181818,#94A3B8,#1F1F1F,#EF4444,#FFFFFF,#00FF41,矩阵绿+警戒红
81,Developer Tool / IDE,#1E293B,#FFFFFF,#334155,#FFFFFF,#22C55E,#0F172A,#0F172A,#F8FAFC,#1B2336,#F8FAFC,#272F42,#94A3B8,#475569,#EF4444,#FFFFFF,#1E293B,代码深色+运行绿色
82,Biotech / Life Sciences,#0EA5E9,#0F172A,#0284C7,#FFFFFF,#059669,#FFFFFF,#F0F9FF,#0C4A6E,#FFFFFF,#0C4A6E,#E8F2F8,#64748B,#BAE6FD,#DC2626,#FFFFFF,#0EA5E9,DNA 蓝 + 生命绿 [WCAG 3:1 的口音从 #10B981 调整]
83,Space Tech / Aerospace,#F8FAFC,#0F172A,#94A3B8,#0F172A,#3B82F6,#FFFFFF,#0B0B10,#F8FAFC,#1E1E23,#F8FAFC,#232328,#94A3B8,#1E293B,#EF4444,#FFFFFF,#F8FAFC,星光白+发射蓝
84,Architecture / Interior,#171717,#FFFFFF,#404040,#FFFFFF,#A16207,#FFFFFF,#FFFFFF,#171717,#FFFFFF,#171717,#E8ECF0,#64748B,#E5E5E5,#DC2626,#FFFFFF,#171717,简约黑色 + 强调金色 [强调从 #D4AF37 调整为 WCAG 3:1]
85,Quantum Computing Interface,#00FFFF,#0F172A,#7B61FF,#FFFFFF,#FF00FF,#FFFFFF,#050510,#E0E0FF,#101823,#E0E0FF,#1D1D28,#94A3B8,#333344,#EF4444,#FFFFFF,#00FFFF,量子青+干涉紫
86,Biohacking / Longevity App,#FF4D4D,#FFFFFF,#4D94FF,#FFFFFF,#059669,#FFFFFF,#F5F5F7,#1C1C1E,#FFFFFF,#1C1C1E,#F2EEF2,#64748B,#E5E5EA,#DC2626,#FFFFFF,#FF4D4D,生物红/蓝 + 活力绿 [WCAG 3:1 的强调色从 #00E676 调整]
87,Autonomous Drone Fleet Manager,#00FF41,#0F172A,#008F11,#FFFFFF,#FF3333,#FFFFFF,#0D1117,#E6EDF3,#182424,#E6EDF3,#25292F,#94A3B8,#30363D,#EF4444,#FFFFFF,#00FF41,终端绿色+警报红色
88,Generative Art Platform,#18181B,#FFFFFF,#3F3F46,#FFFFFF,#EC4899,#FFFFFF,#FAFAFA,#09090B,#FFFFFF,#09090B,#E8ECF0,#64748B,#E4E4E7,#DC2626,#FFFFFF,#18181B,帆布中性+创意粉色
89,Spatial Computing OS / App,#FFFFFF,#0F172A,#E5E5E5,#0F172A,#FFFFFF,#0F172A,#888888,#000000,#999999,#000000,#777777,#D4D4D4,#CCCCCC,#FF3B30,#FFFFFF,#007AFF,玻璃白 + 系统蓝 [WCAG 3:1 的口音从 #007AFF 调整]
90,Sustainable Energy / Climate Tech,#059669,#FFFFFF,#10B981,#0F172A,#059669,#FFFFFF,#ECFDF5,#064E3B,#FFFFFF,#064E3B,#E8F1F3,#64748B,#A7F3D0,#DC2626,#FFFFFF,#059669,自然绿 + 太阳金 [口音从 #FBBF24 调整为 WCAG 3:1]
91,Personal Finance Tracker,#1E40AF,#FFFFFF,#3B82F6,#FFFFFF,#059669,#FFFFFF,#0F172A,#FFFFFF,#192134,#FFFFFF,#101A34,#94A3B8,"rgba(255,255,255,0.08)",#DC2626,#FFFFFF,#1E40AF,深信任蓝+利润绿
92,Chat & Messaging App,#2563EB,#FFFFFF,#6366F1,#FFFFFF,#059669,#FFFFFF,#FFFFFF,#0F172A,#FFFFFF,#0F172A,#F1F5FD,#64748B,#E4ECFC,#DC2626,#FFFFFF,#2563EB,信使蓝+在线绿
93,Notes & Writing App,#78716C,#FFFFFF,#A8A29E,#FFFFFF,#D97706,#FFFFFF,#FFFBEB,#0F172A,#FFFFFF,#0F172A,#F6F6F6,#64748B,#EEEDED,#DC2626,#FFFFFF,#78716C,温暖的墨水+奶油色的琥珀色
94,Habit Tracker,#D97706,#FFFFFF,#F59E0B,#0F172A,#059669,#FFFFFF,#FFFBEB,#0F172A,#FFFFFF,#0F172A,#FCF6F0,#64748B,#FAEEE1,#DC2626,#FFFFFF,#D97706,条纹琥珀色+习性绿色
95,Food Delivery / On-Demand,#EA580C,#FFFFFF,#F97316,#FFFFFF,#2563EB,#FFFFFF,#FFF7ED,#0F172A,#FFFFFF,#0F172A,#FDF4F0,#64748B,#FCEAE1,#DC2626,#FFFFFF,#EA580C,开胃橙+信赖蓝
96,Ride Hailing / Transportation,#1E293B,#FFFFFF,#334155,#FFFFFF,#2563EB,#FFFFFF,#0F172A,#FFFFFF,#192134,#FFFFFF,#10182B,#94A3B8,"rgba(255,255,255,0.08)",#DC2626,#FFFFFF,#1E293B,地图深色+路线蓝色
97,Recipe & Cooking App,#9A3412,#FFFFFF,#C2410C,#FFFFFF,#059669,#FFFFFF,#FFFBEB,#0F172A,#FFFFFF,#0F172A,#F8F2F0,#64748B,#F2E6E2,#DC2626,#FFFFFF,#9A3412,温暖的赤土色+清新的绿色
98,Meditation & Mindfulness,#7C3AED,#FFFFFF,#8B5CF6,#FFFFFF,#059669,#FFFFFF,#FAF5FF,#0F172A,#FFFFFF,#0F172A,#F7F3FD,#64748B,#EFE7FC,#DC2626,#FFFFFF,#7C3AED,平静的薰衣草色+心思的绿色
99,Weather App,#0284C7,#FFFFFF,#0EA5E9,#FFFFFF,#F59E0B,#0F172A,#F0F9FF,#0F172A,#FFFFFF,#0F172A,#EFF7FB,#64748B,#E0F0F8,#DC2626,#FFFFFF,#0284C7,天蓝色+太阳琥珀
100,Diary & Journal App,#92400E,#FFFFFF,#A16207,#FFFFFF,#6366F1,#FFFFFF,#FFFBEB,#0F172A,#FFFFFF,#0F172A,#F8F3F0,#64748B,#F1E8E2,#DC2626,#FFFFFF,#92400E,暖日记棕+墨紫
101,CRM & Client Management,#2563EB,#FFFFFF,#3B82F6,#FFFFFF,#059669,#FFFFFF,#F8FAFC,#0F172A,#FFFFFF,#0F172A,#F1F5FD,#64748B,#E4ECFC,#DC2626,#FFFFFF,#2563EB,专业蓝+交易绿
102,Inventory & Stock Management,#334155,#FFFFFF,#475569,#FFFFFF,#059669,#FFFFFF,#F8FAFC,#0F172A,#FFFFFF,#0F172A,#F2F3F4,#64748B,#E6E8EA,#DC2626,#FFFFFF,#334155,工业板岩+现货绿
103,Flashcard & Study Tool,#7C3AED,#FFFFFF,#8B5CF6,#FFFFFF,#059669,#FFFFFF,#FAF5FF,#0F172A,#FFFFFF,#0F172A,#F7F3FD,#64748B,#EFE7FC,#DC2626,#FFFFFF,#7C3AED,研究紫色+正确的绿色
104,Booking & Appointment App,#0284C7,#FFFFFF,#0EA5E9,#FFFFFF,#059669,#FFFFFF,#F0F9FF,#0F172A,#FFFFFF,#0F172A,#EFF7FB,#64748B,#E0F0F8,#DC2626,#FFFFFF,#0284C7,日历蓝+可用绿
105,Invoice & Billing Tool,#1E3A5F,#FFFFFF,#2563EB,#FFFFFF,#059669,#FFFFFF,#F8FAFC,#0F172A,#FFFFFF,#0F172A,#F1F3F5,#64748B,#E4E7EB,#DC2626,#FFFFFF,#1E3A5F,海军专业+付费绿色
106,Grocery & Shopping List,#059669,#FFFFFF,#10B981,#FFFFFF,#D97706,#FFFFFF,#ECFDF5,#0F172A,#FFFFFF,#0F172A,#F0F8F6,#64748B,#E1F2ED,#DC2626,#FFFFFF,#059669,鲜绿+食用琥珀
107,Timer & Pomodoro,#DC2626,#FFFFFF,#EF4444,#FFFFFF,#059669,#FFFFFF,#0F172A,#FFFFFF,#192134,#FFFFFF,#1F1829,#94A3B8,"rgba(255,255,255,0.08)",#DC2626,#FFFFFF,#DC2626,将红色聚焦于深色 + 打破绿色
108,Parenting & Baby Tracker,#EC4899,#FFFFFF,#F472B6,#FFFFFF,#0284C7,#FFFFFF,#FDF2F8,#0F172A,#FFFFFF,#0F172A,#FDF4F8,#64748B,#FCE9F2,#DC2626,#FFFFFF,#EC4899,柔粉色+信赖蓝
109,Scanner & Document Manager,#1E293B,#FFFFFF,#334155,#FFFFFF,#2563EB,#FFFFFF,#F8FAFC,#0F172A,#FFFFFF,#0F172A,#F1F2F3,#64748B,#E4E5E7,#DC2626,#FFFFFF,#1E293B,文档灰+扫描蓝
110,Calendar & Scheduling App,#2563EB,#FFFFFF,#3B82F6,#FFFFFF,#059669,#FFFFFF,#F8FAFC,#0F172A,#FFFFFF,#0F172A,#F1F5FD,#64748B,#E4ECFC,#DC2626,#FFFFFF,#2563EB,日历蓝+活动绿
111,Password Manager,#1E3A5F,#FFFFFF,#334155,#FFFFFF,#059669,#FFFFFF,#0F172A,#FFFFFF,#192134,#FFFFFF,#10192E,#94A3B8,"rgba(255,255,255,0.08)",#DC2626,#FFFFFF,#1E3A5F,穹顶深蓝+安全绿
112,Expense Splitter / Bill Split,#059669,#FFFFFF,#10B981,#FFFFFF,#DC2626,#FFFFFF,#F8FAFC,#0F172A,#FFFFFF,#0F172A,#F0F8F6,#64748B,#E1F2ED,#DC2626,#FFFFFF,#059669,平衡绿+欠红
113,Voice Recorder & Memo,#DC2626,#FFFFFF,#EF4444,#FFFFFF,#2563EB,#FFFFFF,#FFFFFF,#0F172A,#FFFFFF,#0F172A,#FCF1F1,#64748B,#FAE4E4,#DC2626,#FFFFFF,#DC2626,记录红+波形蓝
114,Bookmark & Read-Later,#D97706,#FFFFFF,#F59E0B,#0F172A,#2563EB,#FFFFFF,#FFFBEB,#0F172A,#FFFFFF,#0F172A,#FCF6F0,#64748B,#FAEEE1,#DC2626,#FFFFFF,#D97706,暖琥珀色+链接蓝色
115,Translator App,#2563EB,#FFFFFF,#0891B2,#FFFFFF,#EA580C,#FFFFFF,#F8FAFC,#0F172A,#FFFFFF,#0F172A,#F1F5FD,#64748B,#E4ECFC,#DC2626,#FFFFFF,#2563EB,全局蓝+青色+橙色
116,Calculator & Unit Converter,#EA580C,#FFFFFF,#F97316,#FFFFFF,#2563EB,#FFFFFF,#1C1917,#FFFFFF,#262321,#FFFFFF,#2C1E16,#94A3B8,"rgba(255,255,255,0.08)",#DC2626,#FFFFFF,#EA580C,黑暗中的橙色行动
117,Alarm & World Clock,#D97706,#FFFFFF,#F59E0B,#0F172A,#6366F1,#FFFFFF,#0F172A,#FFFFFF,#192134,#FFFFFF,#1F1E27,#94A3B8,"rgba(255,255,255,0.08)",#DC2626,#FFFFFF,#D97706,深时琥珀色+夜靛蓝
118,File Manager & Transfer,#2563EB,#FFFFFF,#3B82F6,#FFFFFF,#D97706,#FFFFFF,#F8FAFC,#0F172A,#FFFFFF,#0F172A,#F1F5FD,#64748B,#E4ECFC,#DC2626,#FFFFFF,#2563EB,蓝色文件夹 + 琥珀色文件夹
119,Email Client,#2563EB,#FFFFFF,#3B82F6,#FFFFFF,#DC2626,#FFFFFF,#FFFFFF,#0F172A,#FFFFFF,#0F172A,#F1F5FD,#64748B,#E4ECFC,#DC2626,#FFFFFF,#2563EB,收件箱蓝色+优先红色
120,Casual Puzzle Game,#EC4899,#FFFFFF,#8B5CF6,#FFFFFF,#F59E0B,#0F172A,#FDF2F8,#0F172A,#FFFFFF,#0F172A,#FDF4F8,#64748B,#FCE9F2,#DC2626,#FFFFFF,#EC4899,欢快粉色+奖励金
121,Trivia & Quiz Game,#2563EB,#FFFFFF,#7C3AED,#FFFFFF,#F59E0B,#0F172A,#EFF6FF,#0F172A,#FFFFFF,#0F172A,#F1F5FD,#64748B,#E4ECFC,#DC2626,#FFFFFF,#2563EB,测验蓝色+金色排行榜
122,Card & Board Game,#15803D,#FFFFFF,#166534,#FFFFFF,#D97706,#FFFFFF,#0F172A,#FFFFFF,#192134,#FFFFFF,#0F1F2B,#94A3B8,"rgba(255,255,255,0.08)",#DC2626,#FFFFFF,#15803D,感觉绿色 + 深色金色
123,Idle & Clicker Game,#D97706,#FFFFFF,#F59E0B,#0F172A,#7C3AED,#FFFFFF,#FFFBEB,#0F172A,#FFFFFF,#0F172A,#FCF6F0,#64748B,#FAEEE1,#DC2626,#FFFFFF,#D97706,钱币金+威望紫
124,Word & Crossword Game,#15803D,#FFFFFF,#059669,#FFFFFF,#D97706,#FFFFFF,#FFFFFF,#0F172A,#FFFFFF,#0F172A,#F0F7F3,#64748B,#E2EFE7,#DC2626,#FFFFFF,#15803D,单词绿色+字母琥珀色
125,Arcade & Retro Game,#DC2626,#FFFFFF,#2563EB,#FFFFFF,#22C55E,#0F172A,#0F172A,#FFFFFF,#192134,#FFFFFF,#1F1829,#94A3B8,"rgba(255,255,255,0.08)",#DC2626,#FFFFFF,#DC2626,霓虹红+深蓝+分数绿
126,Photo Editor & Filters,#7C3AED,#FFFFFF,#6366F1,#FFFFFF,#0891B2,#FFFFFF,#0F172A,#FFFFFF,#192134,#FFFFFF,#171939,#94A3B8,"rgba(255,255,255,0.08)",#DC2626,#FFFFFF,#7C3AED,编辑紫罗兰色 + 过滤暗色青色
127,Short Video Editor,#EC4899,#FFFFFF,#DB2777,#FFFFFF,#2563EB,#FFFFFF,#0F172A,#FFFFFF,#192134,#FFFFFF,#201A32,#94A3B8,"rgba(255,255,255,0.08)",#DC2626,#FFFFFF,#EC4899,视频粉红底色 + 时间轴蓝色
128,Drawing & Sketching Canvas,#7C3AED,#FFFFFF,#8B5CF6,#FFFFFF,#0891B2,#FFFFFF,#1C1917,#FFFFFF,#262321,#FFFFFF,#231B28,#94A3B8,"rgba(255,255,255,0.08)",#DC2626,#FFFFFF,#7C3AED,帆布紫色 + 深色工具青色
129,Music Creation & Beat Maker,#7C3AED,#FFFFFF,#6366F1,#FFFFFF,#22C55E,#0F172A,#0F172A,#FFFFFF,#192134,#FFFFFF,#171939,#94A3B8,"rgba(255,255,255,0.08)",#DC2626,#FFFFFF,#7C3AED,工作室紫色+深色波形绿色
130,Meme & Sticker Maker,#EC4899,#FFFFFF,#F59E0B,#0F172A,#2563EB,#FFFFFF,#FFFFFF,#0F172A,#FFFFFF,#0F172A,#FDF4F8,#64748B,#FCE9F2,#DC2626,#FFFFFF,#EC4899,病毒粉色+喜剧黄+分享蓝
131,AI Photo & Avatar Generator,#7C3AED,#FFFFFF,#6366F1,#FFFFFF,#EC4899,#FFFFFF,#FAF5FF,#0F172A,#FFFFFF,#0F172A,#F7F3FD,#64748B,#EFE7FC,#DC2626,#FFFFFF,#7C3AED,AI 紫+一代粉
132,Link-in-Bio Page Builder,#2563EB,#FFFFFF,#7C3AED,#FFFFFF,#EC4899,#FFFFFF,#FFFFFF,#0F172A,#FFFFFF,#0F172A,#F1F5FD,#64748B,#E4ECFC,#DC2626,#FFFFFF,#2563EB,品牌蓝+创造者紫
133,Wardrobe & Outfit Planner,#BE185D,#FFFFFF,#EC4899,#FFFFFF,#D97706,#FFFFFF,#FDF2F8,#0F172A,#FFFFFF,#0F172A,#FBF1F5,#64748B,#F7E3EB,#DC2626,#FFFFFF,#BE185D,时尚玫瑰色+金色点缀
134,Plant Care Tracker,#15803D,#FFFFFF,#059669,#FFFFFF,#D97706,#FFFFFF,#F0FDF4,#0F172A,#FFFFFF,#0F172A,#F0F7F3,#64748B,#E2EFE7,#DC2626,#FFFFFF,#15803D,自然绿+太阳黄
135,Book & Reading Tracker,#78716C,#FFFFFF,#92400E,#FFFFFF,#D97706,#FFFFFF,#FFFBEB,#0F172A,#FFFFFF,#0F172A,#F6F6F6,#64748B,#EEEDED,#DC2626,#FFFFFF,#78716C,书本棕色+书页琥珀色
136,Couple & Relationship App,#BE185D,#FFFFFF,#EC4899,#FFFFFF,#DC2626,#FFFFFF,#FDF2F8,#0F172A,#FFFFFF,#0F172A,#FBF1F5,#64748B,#F7E3EB,#DC2626,#FFFFFF,#BE185D,浪漫玫瑰+爱情红
137,Family Calendar & Chores,#2563EB,#FFFFFF,#059669,#FFFFFF,#D97706,#FFFFFF,#F8FAFC,#0F172A,#FFFFFF,#0F172A,#F1F5FD,#64748B,#E4ECFC,#DC2626,#FFFFFF,#2563EB,家庭蓝+家务绿
138,Mood Tracker,#7C3AED,#FFFFFF,#6366F1,#FFFFFF,#D97706,#FFFFFF,#FAF5FF,#0F172A,#FFFFFF,#0F172A,#F7F3FD,#64748B,#EFE7FC,#DC2626,#FFFFFF,#7C3AED,心情紫色+洞察琥珀
139,Gift & Wishlist,#DC2626,#FFFFFF,#D97706,#FFFFFF,#EC4899,#FFFFFF,#FFF1F2,#0F172A,#FFFFFF,#0F172A,#FCF1F1,#64748B,#FAE4E4,#DC2626,#FFFFFF,#DC2626,礼物红+金色+惊喜粉
140,Running & Cycling GPS,#EA580C,#FFFFFF,#F97316,#FFFFFF,#059669,#FFFFFF,#0F172A,#FFFFFF,#192134,#FFFFFF,#201C27,#94A3B8,"rgba(255,255,255,0.08)",#DC2626,#FFFFFF,#EA580C,深色中活力橙+节奏绿
141,Yoga & Stretching Guide,#6B7280,#FFFFFF,#78716C,#FFFFFF,#0891B2,#FFFFFF,#F5F5F0,#0F172A,#FFFFFF,#0F172A,#F6F6F7,#64748B,#EDEEEF,#DC2626,#FFFFFF,#6B7280,鼠尾草中性+平静的青色
142,Sleep Tracker,#4338CA,#FFFFFF,#6366F1,#FFFFFF,#7C3AED,#FFFFFF,#0F172A,#FFFFFF,#192134,#FFFFFF,#131936,#94A3B8,"rgba(255,255,255,0.08)",#DC2626,#FFFFFF,#4338CA,暗夜靛蓝+梦幻紫罗兰
143,Calorie & Nutrition Counter,#059669,#FFFFFF,#10B981,#FFFFFF,#EA580C,#FFFFFF,#ECFDF5,#0F172A,#FFFFFF,#0F172A,#F0F8F6,#64748B,#E1F2ED,#DC2626,#FFFFFF,#059669,健康绿+宏橙
144,Period & Cycle Tracker,#BE185D,#FFFFFF,#EC4899,#FFFFFF,#7C3AED,#FFFFFF,#FDF2F8,#0F172A,#FFFFFF,#0F172A,#FBF1F5,#64748B,#F7E3EB,#DC2626,#FFFFFF,#BE185D,腮红玫瑰+生育薰衣草
145,Medication & Pill Reminder,#0284C7,#FFFFFF,#0891B2,#FFFFFF,#DC2626,#FFFFFF,#F0F9FF,#0F172A,#FFFFFF,#0F172A,#EFF7FB,#64748B,#E0F0F8,#DC2626,#FFFFFF,#0284C7,医用蓝+警戒红
146,Water & Hydration Reminder,#0284C7,#FFFFFF,#06B6D4,#FFFFFF,#0891B2,#FFFFFF,#F0F9FF,#0F172A,#FFFFFF,#0F172A,#EFF7FB,#64748B,#E0F0F8,#DC2626,#FFFFFF,#0284C7,清爽蓝+水青色
147,Fasting & Intermittent Timer,#6366F1,#FFFFFF,#4338CA,#FFFFFF,#059669,#FFFFFF,#0F172A,#FFFFFF,#192134,#FFFFFF,#151D39,#94A3B8,"rgba(255,255,255,0.08)",#DC2626,#FFFFFF,#6366F1,禁食深色+吃绿色
148,Anonymous Community / Confession,#475569,#FFFFFF,#334155,#FFFFFF,#0891B2,#FFFFFF,#0F172A,#FFFFFF,#192134,#FFFFFF,#131B2F,#94A3B8,"rgba(255,255,255,0.08)",#DC2626,#FFFFFF,#475569,保护性灰色 + 深色中微妙的青色
149,Local Events & Discovery,#EA580C,#FFFFFF,#F97316,#FFFFFF,#2563EB,#FFFFFF,#FFF7ED,#0F172A,#FFFFFF,#0F172A,#FDF4F0,#64748B,#FCEAE1,#DC2626,#FFFFFF,#EA580C,活动橙+地图蓝
150,Study Together / Virtual Coworking,#2563EB,#FFFFFF,#3B82F6,#FFFFFF,#059669,#FFFFFF,#F8FAFC,#0F172A,#FFFFFF,#0F172A,#F1F5FD,#64748B,#E4ECFC,#DC2626,#FFFFFF,#2563EB,焦点蓝色+会话绿色
151,Coding Challenge & Practice,#22C55E,#0F172A,#059669,#FFFFFF,#D97706,#FFFFFF,#0F172A,#FFFFFF,#192134,#FFFFFF,#10242E,#94A3B8,"rgba(255,255,255,0.08)",#DC2626,#FFFFFF,#22C55E,代码绿色 + 难度琥珀色（深色）
152,Kids Learning (ABC & Math),#2563EB,#FFFFFF,#F59E0B,#0F172A,#EC4899,#FFFFFF,#EFF6FF,#0F172A,#FFFFFF,#0F172A,#F1F5FD,#64748B,#E4ECFC,#DC2626,#FFFFFF,#2563EB,学习蓝+玩耍黄+趣味粉
153,Music Instrument Learning,#DC2626,#FFFFFF,#9A3412,#FFFFFF,#D97706,#FFFFFF,#FFFBEB,#0F172A,#FFFFFF,#0F172A,#FCF1F1,#64748B,#FAE4E4,#DC2626,#FFFFFF,#DC2626,音乐红+暖琥珀
154,Parking Finder,#2563EB,#FFFFFF,#059669,#FFFFFF,#DC2626,#FFFFFF,#F0F9FF,#0F172A,#FFFFFF,#0F172A,#F1F5FD,#64748B,#E4ECFC,#DC2626,#FFFFFF,#2563EB,可用蓝/绿+占用红
155,Public Transit Guide,#2563EB,#FFFFFF,#0891B2,#FFFFFF,#EA580C,#FFFFFF,#F8FAFC,#0F172A,#FFFFFF,#0F172A,#F1F5FD,#64748B,#E4ECFC,#DC2626,#FFFFFF,#2563EB,交通蓝色+线条颜色
156,Road Trip Planner,#EA580C,#FFFFFF,#0891B2,#FFFFFF,#D97706,#FFFFFF,#FFF7ED,#0F172A,#FFFFFF,#0F172A,#FDF4F0,#64748B,#FCEAE1,#DC2626,#FFFFFF,#EA580C,冒险橙+地图青色
157,VPN & Privacy Tool,#1E3A5F,#FFFFFF,#334155,#FFFFFF,#22C55E,#0F172A,#0F172A,#FFFFFF,#192134,#FFFFFF,#10192E,#94A3B8,"rgba(255,255,255,0.08)",#DC2626,#FFFFFF,#1E3A5F,屏蔽暗+连绿
158,Emergency SOS & Safety,#DC2626,#FFFFFF,#EF4444,#FFFFFF,#2563EB,#FFFFFF,#FFF1F2,#0F172A,#FFFFFF,#0F172A,#FCF1F1,#64748B,#FAE4E4,#DC2626,#FFFFFF,#DC2626,警报红+安全蓝
159,Wallpaper & Theme App,#7C3AED,#FFFFFF,#EC4899,#FFFFFF,#2563EB,#FFFFFF,#FAF5FF,#0F172A,#FFFFFF,#0F172A,#F7F3FD,#64748B,#EFE7FC,#DC2626,#FFFFFF,#7C3AED,唯美紫色+流行粉色
160,White Noise & Ambient Sound,#475569,#FFFFFF,#334155,#FFFFFF,#4338CA,#FFFFFF,#0F172A,#FFFFFF,#192134,#FFFFFF,#131B2F,#94A3B8,"rgba(255,255,255,0.08)",#DC2626,#FFFFFF,#475569,环境灰色 + 黑暗中的深靛蓝
161,Home Decoration & Interior Design,#78716C,#FFFFFF,#A8A29E,#FFFFFF,#D97706,#FFFFFF,#FAF5F2,#0F172A,#FFFFFF,#0F172A,#F6F6F6,#64748B,#EEEDED,#DC2626,#FFFFFF,#78716C,内饰暖灰色+金色点缀
